Loan_ID,Gender,Married,Dependents,Education,Self_Employed,ApplicantIncome,CoapplicantIncome,LoanAmount,Loan_Amount_Term,Credit_History,Property_Area,Loan_Status,Prediction,Prob_Approved,Prob_Rejected
LP001002,Male,No,0,Graduate,No,5849,0.0,,360.0,1.0,Urban,Y,Approved,71.82,28.18
LP001003,Male,Yes,1,Graduate,No,4583,1508.0,128.0,360.0,1.0,Rural,N,Approved,72.08,27.92
LP001005,Male,Yes,0,Graduate,Yes,3000,0.0,66.0,360.0,1.0,Urban,Y,Approved,80.04,19.96
LP001006,Male,Yes,0,Not Graduate,No,2583,2358.0,120.0,360.0,1.0,Urban,Y,Approved,71.76,28.24
LP001008,Male,No,0,Graduate,No,6000,0.0,141.0,360.0,1.0,Urban,Y,Approved,71.86,28.14
LP001011,Male,Yes,2,Graduate,Yes,5417,4196.0,267.0,360.0,1.0,Urban,Y,Approved,82.44,17.56
LP001013,Male,Yes,0,Not Graduate,No,2333,1516.0,95.0,360.0,1.0,Urban,Y,Approved,72.83,27.17
LP001014,Male,Yes,3+,Graduate,No,3036,2504.0,158.0,360.0,0.0,Semiurban,N,Rejected,25.83,74.17
LP001018,Male,Yes,2,Graduate,No,4006,1526.0,168.0,360.0,1.0,Urban,Y,Approved,86.29,13.71
LP001020,Male,Yes,1,Graduate,No,12841,10968.0,349.0,360.0,1.0,Semiurban,N,Approved,74.29,25.71
LP001024,Male,Yes,2,Graduate,No,3200,700.0,70.0,360.0,1.0,Urban,Y,Approved,87.22,12.78
LP001027,Male,Yes,2,Graduate,,2500,1840.0,109.0,360.0,1.0,Urban,Y,Approved,86.41,13.59
LP001028,Male,Yes,2,Graduate,No,3073,8106.0,200.0,360.0,1.0,Urban,Y,Approved,81.62,18.38
LP001029,Male,No,0,Graduate,No,1853,2840.0,114.0,360.0,1.0,Rural,N,Approved,64.75,35.25
LP001030,Male,Yes,2,Graduate,No,1299,1086.0,17.0,120.0,1.0,Urban,Y,Approved,89.47,10.53
LP001032,Male,No,0,Graduate,No,4950,0.0,125.0,360.0,1.0,Urban,Y,Approved,72.04,27.96
LP001034,Male,No,1,Not Graduate,No,3596,0.0,100.0,240.0,,Urban,Y,Rejected,48.16,51.84
LP001036,Female,No,0,Graduate,No,3510,0.0,76.0,360.0,0.0,Urban,N,Rejected,13.39,86.61
LP001038,Male,Yes,0,Not Graduate,No,4887,0.0,133.0,360.0,1.0,Rural,N,Approved,69.75,30.25
LP001041,Male,Yes,0,Graduate,,2600,3500.0,115.0,,1.0,Urban,Y,Approved,78.96,21.04
LP001043,Male,Yes,0,Not Graduate,No,7660,0.0,104.0,360.0,0.0,Urban,N,Rejected,11.08,88.92
LP001046,Male,Yes,1,Graduate,No,5955,5625.0,315.0,360.0,1.0,Urban,Y,Approved,70.46,29.54
LP001047,Male,Yes,0,Not Graduate,No,2600,1911.0,116.0,360.0,0.0,Semiurban,N,Rejected,15.9,84.1
LP001050,,Yes,2,Not Graduate,No,3365,1917.0,112.0,360.0,0.0,Rural,N,Rejected,12.78,87.22
LP001052,Male,Yes,1,Graduate,,3717,2925.0,151.0,360.0,,Semiurban,N,Approved,75.25,24.75
LP001066,Male,Yes,0,Graduate,Yes,9560,0.0,191.0,360.0,1.0,Semiurban,Y,Approved,86.11,13.89
LP001068,Male,Yes,0,Graduate,No,2799,2253.0,122.0,360.0,1.0,Semiurban,Y,Approved,86.65,13.35
LP001073,Male,Yes,2,Not Graduate,No,4226,1040.0,110.0,360.0,1.0,Urban,Y,Approved,81.07,18.93
LP001086,Male,No,0,Not Graduate,No,1442,0.0,35.0,360.0,1.0,Urban,N,Approved,63.66,36.34
LP001087,Female,No,2,Graduate,,3750,2083.0,120.0,360.0,1.0,Semiurban,Y,Approved,89.02,10.98
LP001091,Male,Yes,1,Graduate,,4166,3369.0,201.0,360.0,,Urban,N,Approved,63.78,36.22
LP001095,Male,No,0,Graduate,No,3167,0.0,74.0,360.0,1.0,Urban,N,Approved,72.54,27.46
LP001097,Male,No,1,Graduate,Yes,4692,0.0,106.0,360.0,1.0,Rural,N,Approved,59.66,40.34
LP001098,Male,Yes,0,Graduate,No,3500,1667.0,114.0,360.0,1.0,Semiurban,Y,Approved,87.0,13.0
LP001100,Male,No,3+,Graduate,No,12500,3000.0,320.0,360.0,1.0,Rural,N,Approved,67.18,32.82
LP001106,Male,Yes,0,Graduate,No,2275,2067.0,,360.0,1.0,Urban,Y,Approved,79.72,20.28
LP001109,Male,Yes,0,Graduate,No,1828,1330.0,100.0,,0.0,Urban,N,Rejected,15.67,84.33
LP001112,Female,Yes,0,Graduate,No,3667,1459.0,144.0,360.0,1.0,Semiurban,Y,Approved,89.92,10.08
LP001114,Male,No,0,Graduate,No,4166,7210.0,184.0,360.0,1.0,Urban,Y,Approved,63.54,36.46
LP001116,Male,No,0,Not Graduate,No,3748,1668.0,110.0,360.0,1.0,Semiurban,Y,Approved,71.96,28.04
LP001119,Male,No,0,Graduate,No,3600,0.0,80.0,360.0,1.0,Urban,N,Approved,72.47,27.53
LP001120,Male,No,0,Graduate,No,1800,1213.0,47.0,360.0,1.0,Urban,Y,Approved,71.57,28.43
LP001123,Male,Yes,0,Graduate,No,2400,0.0,75.0,360.0,,Urban,Y,Approved,73.78,26.22
LP001131,Male,Yes,0,Graduate,No,3941,2336.0,134.0,360.0,1.0,Semiurban,Y,Approved,86.5,13.5
LP001136,Male,Yes,0,Not Graduate,Yes,4695,0.0,96.0,,1.0,Urban,Y,Approved,72.28,27.72
LP001137,Female,No,0,Graduate,No,3410,0.0,88.0,,1.0,Urban,Y,Approved,78.09,21.91
LP001138,Male,Yes,1,Graduate,No,5649,0.0,44.0,360.0,1.0,Urban,Y,Approved,77.9,22.1
LP001144,Male,Yes,0,Graduate,No,5821,0.0,144.0,360.0,1.0,Urban,Y,Approved,81.23,18.77
LP001146,Female,Yes,0,Graduate,No,2645,3440.0,120.0,360.0,0.0,Urban,N,Rejected,17.8,82.2
LP001151,Female,No,0,Graduate,No,4000,2275.0,144.0,360.0,1.0,Semiurban,Y,Approved,83.44,16.56
LP001155,Female,Yes,0,Not Graduate,No,1928,1644.0,100.0,360.0,1.0,Semiurban,Y,Approved,85.45,14.55
LP001157,Female,No,0,Graduate,No,3086,0.0,120.0,360.0,1.0,Semiurban,Y,Approved,85.15,14.85
LP001164,Female,No,0,Graduate,No,4230,0.0,112.0,360.0,1.0,Semiurban,N,Approved,85.14,14.86
LP001179,Male,Yes,2,Graduate,No,4616,0.0,134.0,360.0,1.0,Urban,N,Approved,87.31,12.69
LP001186,Female,Yes,1,Graduate,Yes,11500,0.0,286.0,360.0,0.0,Urban,N,Rejected,14.2,85.8
LP001194,Male,Yes,2,Graduate,No,2708,1167.0,97.0,360.0,1.0,Semiurban,Y,Approved,91.62,8.38
LP001195,Male,Yes,0,Graduate,No,2132,1591.0,96.0,360.0,1.0,Semiurban,Y,Approved,87.17,12.83
LP001197,Male,Yes,0,Graduate,No,3366,2200.0,135.0,360.0,1.0,Rural,N,Approved,76.07,23.93
LP001198,Male,Yes,1,Graduate,No,8080,2250.0,180.0,360.0,1.0,Urban,Y,Approved,74.76,25.24
LP001199,Male,Yes,2,Not Graduate,No,3357,2859.0,144.0,360.0,1.0,Urban,Y,Approved,79.43,20.57
LP001205,Male,Yes,0,Graduate,No,2500,3796.0,120.0,360.0,1.0,Urban,Y,Approved,78.4,21.6
LP001206,Male,Yes,3+,Graduate,No,3029,0.0,99.0,360.0,1.0,Urban,Y,Approved,84.79,15.21
LP001207,Male,Yes,0,Not Graduate,Yes,2609,3449.0,165.0,180.0,0.0,Rural,N,Rejected,8.12,91.88
LP001213,Male,Yes,1,Graduate,No,4945,0.0,,360.0,0.0,Rural,N,Rejected,10.84,89.16
LP001222,Female,No,0,Graduate,No,4166,0.0,116.0,360.0,0.0,Semiurban,N,Rejected,20.09,79.91
LP001225,Male,Yes,0,Graduate,No,5726,4595.0,258.0,360.0,1.0,Semiurban,N,Approved,84.42,15.58
LP001228,Male,No,0,Not Graduate,No,3200,2254.0,126.0,180.0,0.0,Urban,N,Rejected,7.17,92.83
LP001233,Male,Yes,1,Graduate,No,10750,0.0,312.0,360.0,1.0,Urban,Y,Approved,75.85,24.15
LP001238,Male,Yes,3+,Not Graduate,Yes,7100,0.0,125.0,60.0,1.0,Urban,Y,Approved,80.49,19.51
LP001241,Female,No,0,Graduate,No,4300,0.0,136.0,360.0,0.0,Semiurban,N,Rejected,19.96,80.04
LP001243,Male,Yes,0,Graduate,No,3208,3066.0,172.0,360.0,1.0,Urban,Y,Approved,78.67,21.33
LP001245,Male,Yes,2,Not Graduate,Yes,1875,1875.0,97.0,360.0,1.0,Semiurban,Y,Approved,85.97,14.03
LP001248,Male,No,0,Graduate,No,3500,0.0,81.0,300.0,1.0,Semiurban,Y,Approved,82.11,17.89
LP001250,Male,Yes,3+,Not Graduate,No,4755,0.0,95.0,,0.0,Semiurban,N,Rejected,21.05,78.95
LP001253,Male,Yes,3+,Graduate,Yes,5266,1774.0,187.0,360.0,1.0,Semiurban,Y,Approved,87.83,12.17
LP001255,Male,No,0,Graduate,No,3750,0.0,113.0,480.0,1.0,Urban,N,Approved,70.02,29.98
LP001256,Male,No,0,Graduate,No,3750,4750.0,176.0,360.0,1.0,Urban,N,Approved,66.52,33.48
LP001259,Male,Yes,1,Graduate,Yes,1000,3022.0,110.0,360.0,1.0,Urban,N,Approved,72.73,27.27
LP001263,Male,Yes,3+,Graduate,No,3167,4000.0,180.0,300.0,0.0,Semiurban,N,Rejected,25.22,74.78
LP001264,Male,Yes,3+,Not Graduate,Yes,3333,2166.0,130.0,360.0,,Semiurban,Y,Approved,74.75,25.25
LP001265,Female,No,0,Graduate,No,3846,0.0,111.0,360.0,1.0,Semiurban,Y,Approved,85.16,14.84
LP001266,Male,Yes,1,Graduate,Yes,2395,0.0,,360.0,1.0,Semiurban,Y,Approved,83.5,16.5
LP001267,Female,Yes,2,Graduate,No,1378,1881.0,167.0,360.0,1.0,Urban,N,Approved,89.27,10.73
LP001273,Male,Yes,0,Graduate,No,6000,2250.0,265.0,360.0,,Semiurban,N,Approved,79.24,20.76
LP001275,Male,Yes,1,Graduate,No,3988,0.0,50.0,240.0,1.0,Urban,Y,Approved,79.74,20.26
LP001279,Male,No,0,Graduate,No,2366,2531.0,136.0,360.0,1.0,Semiurban,Y,Approved,78.98,21.02
LP001280,Male,Yes,2,Not Graduate,No,3333,2000.0,99.0,360.0,,Semiurban,Y,Approved,80.96,19.04
LP001282,Male,Yes,0,Graduate,No,2500,2118.0,104.0,360.0,1.0,Semiurban,Y,Approved,86.82,13.18
LP001289,Male,No,0,Graduate,No,8566,0.0,210.0,360.0,1.0,Urban,Y,Approved,71.17,28.83
LP001310,Male,Yes,0,Graduate,No,5695,4167.0,175.0,360.0,1.0,Semiurban,Y,Approved,85.1,14.9
LP001316,Male,Yes,0,Graduate,No,2958,2900.0,131.0,360.0,1.0,Semiurban,Y,Approved,86.21,13.79
LP001318,Male,Yes,2,Graduate,No,6250,5654.0,188.0,180.0,1.0,Semiurban,Y,Approved,90.68,9.32
LP001319,Male,Yes,2,Not Graduate,No,3273,1820.0,81.0,360.0,1.0,Urban,Y,Approved,80.66,19.34
LP001322,Male,No,0,Graduate,No,4133,0.0,122.0,360.0,1.0,Semiurban,Y,Approved,81.06,18.94
LP001325,Male,No,0,Not Graduate,No,3620,0.0,25.0,120.0,1.0,Semiurban,Y,Approved,78.14,21.86
LP001326,Male,No,0,Graduate,,6782,0.0,,360.0,,Urban,N,Approved,61.42,38.58
LP001327,Female,Yes,0,Graduate,No,2484,2302.0,137.0,360.0,1.0,Semiurban,Y,Approved,89.58,10.42
LP001333,Male,Yes,0,Graduate,No,1977,997.0,50.0,360.0,1.0,Semiurban,Y,Approved,87.7,12.3
LP001334,Male,Yes,0,Not Graduate,No,4188,0.0,115.0,180.0,1.0,Semiurban,Y,Approved,84.73,15.27
LP001343,Male,Yes,0,Graduate,No,1759,3541.0,131.0,360.0,1.0,Semiurban,Y,Approved,85.86,14.14
LP001345,Male,Yes,2,Not Graduate,No,4288,3263.0,133.0,180.0,1.0,Urban,Y,Approved,81.62,18.38
LP001349,Male,No,0,Graduate,No,4843,3806.0,151.0,360.0,1.0,Semiurban,Y,Approved,77.63,22.37
LP001350,Male,Yes,,Graduate,No,13650,0.0,,360.0,1.0,Urban,Y,Approved,80.82,19.18
LP001356,Male,Yes,0,Graduate,No,4652,3583.0,,360.0,1.0,Semiurban,Y,Approved,85.64,14.36
LP001357,Male,,,Graduate,No,3816,754.0,160.0,360.0,1.0,Urban,Y,Approved,80.64,19.36
LP001367,Male,Yes,1,Graduate,No,3052,1030.0,100.0,360.0,1.0,Urban,Y,Approved,76.76,23.24
LP001369,Male,Yes,2,Graduate,No,11417,1126.0,225.0,360.0,1.0,Urban,Y,Approved,85.99,14.01
LP001370,Male,No,0,Not Graduate,,7333,0.0,120.0,360.0,1.0,Rural,N,Approved,57.53,42.47
LP001379,Male,Yes,2,Graduate,No,3800,3600.0,216.0,360.0,0.0,Urban,N,Rejected,19.62,80.38
LP001384,Male,Yes,3+,Not Graduate,No,2071,754.0,94.0,480.0,1.0,Semiurban,Y,Approved,83.89,16.11
LP001385,Male,No,0,Graduate,No,5316,0.0,136.0,360.0,1.0,Urban,Y,Approved,71.94,28.06
LP001387,Female,Yes,0,Graduate,,2929,2333.0,139.0,360.0,1.0,Semiurban,Y,Approved,89.55,10.45
LP001391,Male,Yes,0,Not Graduate,No,3572,4114.0,152.0,,0.0,Rural,N,Rejected,7.67,92.33
LP001392,Female,No,1,Graduate,Yes,7451,0.0,,360.0,1.0,Semiurban,Y,Approved,79.66,20.34
LP001398,Male,No,0,Graduate,,5050,0.0,118.0,360.0,1.0,Semiurban,Y,Approved,81.03,18.97
LP001401,Male,Yes,1,Graduate,No,14583,0.0,185.0,180.0,1.0,Rural,Y,Approved,75.62,24.38
LP001404,Female,Yes,0,Graduate,No,3167,2283.0,154.0,360.0,1.0,Semiurban,Y,Approved,89.51,10.49
LP001405,Male,Yes,1,Graduate,No,2214,1398.0,85.0,360.0,,Urban,Y,Approved,67.19,32.81
LP001421,Male,Yes,0,Graduate,No,5568,2142.0,175.0,360.0,1.0,Rural,N,Approved,75.72,24.28
LP001422,Female,No,0,Graduate,No,10408,0.0,259.0,360.0,1.0,Urban,Y,Approved,76.28,23.72
LP001426,Male,Yes,,Graduate,No,5667,2667.0,180.0,360.0,1.0,Rural,Y,Approved,75.18,24.82
LP001430,Female,No,0,Graduate,No,4166,0.0,44.0,360.0,1.0,Semiurban,Y,Approved,85.46,14.54
LP001431,Female,No,0,Graduate,No,2137,8980.0,137.0,360.0,0.0,Semiurban,Y,Rejected,13.64,86.36
LP001432,Male,Yes,2,Graduate,No,2957,0.0,81.0,360.0,1.0,Semiurban,Y,Approved,92.1,7.9
LP001439,Male,Yes,0,Not Graduate,No,4300,2014.0,194.0,360.0,1.0,Rural,Y,Approved,67.06,32.94
LP001443,Female,No,0,Graduate,No,3692,0.0,93.0,360.0,,Rural,Y,Approved,64.05,35.95
LP001448,,Yes,3+,Graduate,No,23803,0.0,370.0,360.0,1.0,Rural,Y,Approved,79.31,20.69
LP001449,Male,No,0,Graduate,No,3865,1640.0,,360.0,1.0,Rural,Y,Approved,65.72,34.28
LP001451,Male,Yes,1,Graduate,Yes,10513,3850.0,160.0,180.0,0.0,Urban,N,Rejected,11.14,88.86
LP001465,Male,Yes,0,Graduate,No,6080,2569.0,182.0,360.0,,Rural,N,Approved,65.56,34.44
LP001469,Male,No,0,Graduate,Yes,20166,0.0,650.0,480.0,,Urban,Y,Approved,50.38,49.62
LP001473,Male,No,0,Graduate,No,2014,1929.0,74.0,360.0,1.0,Urban,Y,Approved,70.59,29.41
LP001478,Male,No,0,Graduate,No,2718,0.0,70.0,360.0,1.0,Semiurban,Y,Approved,81.42,18.58
LP001482,Male,Yes,0,Graduate,Yes,3459,0.0,25.0,120.0,1.0,Semiurban,Y,Approved,89.27,10.73
LP001487,Male,No,0,Graduate,No,4895,0.0,102.0,360.0,1.0,Semiurban,Y,Approved,81.13,18.87
LP001488,Male,Yes,3+,Graduate,No,4000,7750.0,290.0,360.0,1.0,Semiurban,N,Approved,85.17,14.83
LP001489,Female,Yes,0,Graduate,No,4583,0.0,84.0,360.0,1.0,Rural,N,Approved,82.83,17.17
LP001491,Male,Yes,2,Graduate,Yes,3316,3500.0,88.0,360.0,1.0,Urban,Y,Approved,83.96,16.04
LP001492,Male,No,0,Graduate,No,14999,0.0,242.0,360.0,0.0,Semiurban,N,Rejected,14.78,85.22
LP001493,Male,Yes,2,Not Graduate,No,4200,1430.0,129.0,360.0,1.0,Rural,N,Approved,77.22,22.78
LP001497,Male,Yes,2,Graduate,No,5042,2083.0,185.0,360.0,1.0,Rural,N,Approved,83.12,16.88
LP001498,Male,No,0,Graduate,No,5417,0.0,168.0,360.0,1.0,Urban,Y,Approved,71.69,28.31
LP001504,Male,No,0,Graduate,Yes,6950,0.0,175.0,180.0,1.0,Semiurban,Y,Approved,81.32,18.68
LP001507,Male,Yes,0,Graduate,No,2698,2034.0,122.0,360.0,1.0,Semiurban,Y,Approved,86.78,13.22
LP001508,Male,Yes,2,Graduate,No,11757,0.0,187.0,180.0,1.0,Urban,Y,Approved,88.55,11.45
LP001514,Female,Yes,0,Graduate,No,2330,4486.0,100.0,360.0,1.0,Semiurban,Y,Approved,88.63,11.37
LP001516,Female,Yes,2,Graduate,No,14866,0.0,70.0,360.0,1.0,Urban,Y,Approved,90.09,9.91
LP001518,Male,Yes,1,Graduate,No,1538,1425.0,30.0,360.0,1.0,Urban,Y,Approved,76.95,23.05
LP001519,Female,No,0,Graduate,No,10000,1666.0,225.0,360.0,1.0,Rural,N,Approved,70.88,29.12
LP001520,Male,Yes,0,Graduate,No,4860,830.0,125.0,360.0,1.0,Semiurban,Y,Approved,87.39,12.61
LP001528,Male,No,0,Graduate,No,6277,0.0,118.0,360.0,0.0,Rural,N,Rejected,8.42,91.58
LP001529,Male,Yes,0,Graduate,Yes,2577,3750.0,152.0,360.0,1.0,Rural,Y,Approved,72.29,27.71
LP001531,Male,No,0,Graduate,No,9166,0.0,244.0,360.0,1.0,Urban,N,Approved,70.87,29.13
LP001532,Male,Yes,2,Not Graduate,No,2281,0.0,113.0,360.0,1.0,Rural,N,Approved,78.7,21.3
LP001535,Male,No,0,Graduate,No,3254,0.0,50.0,360.0,1.0,Urban,Y,Approved,72.71,27.29
LP001536,Male,Yes,3+,Graduate,No,39999,0.0,600.0,180.0,0.0,Semiurban,Y,Rejected,25.92,74.08
LP001541,Male,Yes,1,Graduate,No,6000,0.0,160.0,360.0,,Rural,Y,Approved,63.24,36.76
LP001543,Male,Yes,1,Graduate,No,9538,0.0,187.0,360.0,1.0,Urban,Y,Approved,76.76,23.24
LP001546,Male,No,0,Graduate,,2980,2083.0,120.0,360.0,1.0,Rural,Y,Approved,65.5,34.5
LP001552,Male,Yes,0,Graduate,No,4583,5625.0,255.0,360.0,1.0,Semiurban,Y,Approved,83.77,16.23
LP001560,Male,Yes,0,Not Graduate,No,1863,1041.0,98.0,360.0,1.0,Semiurban,Y,Approved,81.96,18.04
LP001562,Male,Yes,0,Graduate,No,7933,0.0,275.0,360.0,1.0,Urban,N,Approved,80.38,19.62
LP001565,Male,Yes,1,Graduate,No,3089,1280.0,121.0,360.0,0.0,Semiurban,N,Rejected,19.03,80.97
LP001570,Male,Yes,2,Graduate,No,4167,1447.0,158.0,360.0,1.0,Rural,Y,Approved,83.76,16.24
LP001572,Male,Yes,0,Graduate,No,9323,0.0,75.0,180.0,1.0,Urban,Y,Approved,83.74,16.26
LP001574,Male,Yes,0,Graduate,No,3707,3166.0,182.0,,1.0,Rural,Y,Approved,75.12,24.88
LP001577,Female,Yes,0,Graduate,No,4583,0.0,112.0,360.0,1.0,Rural,N,Approved,82.68,17.32
LP001578,Male,Yes,0,Graduate,No,2439,3333.0,129.0,360.0,1.0,Rural,Y,Approved,75.09,24.91
LP001579,Male,No,0,Graduate,No,2237,0.0,63.0,480.0,0.0,Semiurban,N,Rejected,14.8,85.2
LP001580,Male,Yes,2,Graduate,No,8000,0.0,200.0,360.0,1.0,Semiurban,Y,Approved,91.65,8.35
LP001581,Male,Yes,0,Not Graduate,,1820,1769.0,95.0,360.0,1.0,Rural,Y,Approved,68.31,31.69
LP001585,,Yes,3+,Graduate,No,51763,0.0,700.0,300.0,1.0,Urban,Y,Approved,80.05,19.95
LP001586,Male,Yes,3+,Not Graduate,No,3522,0.0,81.0,180.0,1.0,Rural,N,Approved,77.67,22.33
LP001594,Male,Yes,0,Graduate,No,5708,5625.0,187.0,360.0,1.0,Semiurban,Y,Approved,84.06,15.94
LP001603,Male,Yes,0,Not Graduate,Yes,4344,736.0,87.0,360.0,1.0,Semiurban,N,Approved,80.4,19.6
LP001606,Male,Yes,0,Graduate,No,3497,1964.0,116.0,360.0,1.0,Rural,Y,Approved,76.41,23.59
LP001608,Male,Yes,2,Graduate,No,2045,1619.0,101.0,360.0,1.0,Rural,Y,Approved,84.01,15.99
LP001610,Male,Yes,3+,Graduate,No,5516,11300.0,495.0,360.0,0.0,Semiurban,N,Rejected,16.24,83.76
LP001616,Male,Yes,1,Graduate,No,3750,0.0,116.0,360.0,1.0,Semiurban,Y,Approved,85.11,14.89
LP001630,Male,No,0,Not Graduate,No,2333,1451.0,102.0,480.0,0.0,Urban,N,Rejected,5.88,94.12
LP001633,Male,Yes,1,Graduate,No,6400,7250.0,180.0,360.0,0.0,Urban,N,Rejected,9.18,90.82
LP001634,Male,No,0,Graduate,No,1916,5063.0,67.0,360.0,,Rural,N,Approved,51.07,48.93
LP001636,Male,Yes,0,Graduate,No,4600,0.0,73.0,180.0,1.0,Semiurban,Y,Approved,89.65,10.35
LP001637,Male,Yes,1,Graduate,No,33846,0.0,260.0,360.0,1.0,Semiurban,N,Approved,83.07,16.93
LP001639,Female,Yes,0,Graduate,No,3625,0.0,108.0,360.0,1.0,Semiurban,Y,Approved,90.7,9.3
LP001640,Male,Yes,0,Graduate,Yes,39147,4750.0,120.0,360.0,1.0,Semiurban,Y,Approved,81.87,18.13
LP001641,Male,Yes,1,Graduate,Yes,2178,0.0,66.0,300.0,0.0,Rural,N,Rejected,10.63,89.37
LP001643,Male,Yes,0,Graduate,No,2383,2138.0,58.0,360.0,,Rural,Y,Approved,67.35,32.65
LP001644,,Yes,0,Graduate,Yes,674,5296.0,168.0,360.0,1.0,Rural,Y,Approved,70.67,29.33
LP001647,Male,Yes,0,Graduate,No,9328,0.0,188.0,180.0,1.0,Rural,Y,Approved,80.07,19.93
LP001653,Male,No,0,Not Graduate,No,4885,0.0,48.0,360.0,1.0,Rural,Y,Approved,58.38,41.62
LP001656,Male,No,0,Graduate,No,12000,0.0,164.0,360.0,1.0,Semiurban,N,Approved,80.41,19.59
LP001657,Male,Yes,0,Not Graduate,No,6033,0.0,160.0,360.0,1.0,Urban,N,Approved,73.65,26.35
LP001658,Male,No,0,Graduate,No,3858,0.0,76.0,360.0,1.0,Semiurban,Y,Approved,81.33,18.67
LP001664,Male,No,0,Graduate,No,4191,0.0,120.0,360.0,1.0,Rural,Y,Approved,67.8,32.2
LP001665,Male,Yes,1,Graduate,No,3125,2583.0,170.0,360.0,1.0,Semiurban,N,Approved,83.09,16.91
LP001666,Male,No,0,Graduate,No,8333,3750.0,187.0,360.0,1.0,Rural,Y,Approved,62.55,37.45
LP001669,Female,No,0,Not Graduate,No,1907,2365.0,120.0,,1.0,Urban,Y,Approved,67.07,32.93
LP001671,Female,Yes,0,Graduate,No,3416,2816.0,113.0,360.0,,Semiurban,Y,Approved,84.07,15.93
LP001673,Male,No,0,Graduate,Yes,11000,0.0,83.0,360.0,1.0,Urban,N,Approved,69.59,30.41
LP001674,Male,Yes,1,Not Graduate,No,2600,2500.0,90.0,360.0,1.0,Semiurban,Y,Approved,76.79,23.21
LP001677,Male,No,2,Graduate,No,4923,0.0,166.0,360.0,0.0,Semiurban,Y,Rejected,22.53,77.47
LP001682,Male,Yes,3+,Not Graduate,No,3992,0.0,,180.0,1.0,Urban,N,Approved,80.64,19.36
LP001688,Male,Yes,1,Not Graduate,No,3500,1083.0,135.0,360.0,1.0,Urban,Y,Approved,67.86,32.14
LP001691,Male,Yes,2,Not Graduate,No,3917,0.0,124.0,360.0,1.0,Semiurban,Y,Approved,88.15,11.85
LP001692,Female,No,0,Not Graduate,No,4408,0.0,120.0,360.0,1.0,Semiurban,Y,Approved,78.78,21.22
LP001693,Female,No,0,Graduate,No,3244,0.0,80.0,360.0,1.0,Urban,Y,Approved,77.86,22.14
LP001698,Male,No,0,Not Graduate,No,3975,2531.0,55.0,360.0,1.0,Rural,Y,Approved,55.18,44.82
LP001699,Male,No,0,Graduate,No,2479,0.0,59.0,360.0,1.0,Urban,Y,Approved,72.69,27.31
LP001702,Male,No,0,Graduate,No,3418,0.0,127.0,360.0,1.0,Semiurban,N,Approved,81.06,18.94
LP001708,Female,No,0,Graduate,No,10000,0.0,214.0,360.0,1.0,Semiurban,N,Approved,84.41,15.59
LP001711,Male,Yes,3+,Graduate,No,3430,1250.0,128.0,360.0,0.0,Semiurban,N,Rejected,27.28,72.72
LP001713,Male,Yes,1,Graduate,Yes,7787,0.0,240.0,360.0,1.0,Urban,Y,Approved,74.4,25.6
LP001715,Male,Yes,3+,Not Graduate,Yes,5703,0.0,130.0,360.0,1.0,Rural,Y,Approved,72.05,27.95
LP001716,Male,Yes,0,Graduate,No,3173,3021.0,137.0,360.0,1.0,Urban,Y,Approved,78.93,21.07
LP001720,Male,Yes,3+,Not Graduate,No,3850,983.0,100.0,360.0,1.0,Semiurban,Y,Approved,85.03,14.97
LP001722,Male,Yes,0,Graduate,No,150,1800.0,135.0,360.0,1.0,Rural,N,Approved,76.64,23.36
LP001726,Male,Yes,0,Graduate,No,3727,1775.0,131.0,360.0,1.0,Semiurban,Y,Approved,86.86,13.14
LP001732,Male,Yes,2,Graduate,,5000,0.0,72.0,360.0,0.0,Semiurban,N,Rejected,33.8,66.2
LP001734,Female,Yes,2,Graduate,No,4283,2383.0,127.0,360.0,,Semiurban,Y,Approved,89.41,10.59
LP001736,Male,Yes,0,Graduate,No,2221,0.0,60.0,360.0,0.0,Urban,N,Rejected,16.56,83.44
LP001743,Male,Yes,2,Graduate,No,4009,1717.0,116.0,360.0,1.0,Semiurban,Y,Approved,91.31,8.69
LP001744,Male,No,0,Graduate,No,2971,2791.0,144.0,360.0,1.0,Semiurban,Y,Approved,78.67,21.33
LP001749,Male,Yes,0,Graduate,No,7578,1010.0,175.0,,1.0,Semiurban,Y,Approved,87.16,12.84
LP001750,Male,Yes,0,Graduate,No,6250,0.0,128.0,360.0,1.0,Semiurban,Y,Approved,87.79,12.21
LP001751,Male,Yes,0,Graduate,No,3250,0.0,170.0,360.0,1.0,Rural,N,Approved,77.86,22.14
LP001754,Male,Yes,,Not Graduate,Yes,4735,0.0,138.0,360.0,1.0,Urban,N,Approved,71.63,28.37
LP001758,Male,Yes,2,Graduate,No,6250,1695.0,210.0,360.0,1.0,Semiurban,Y,Approved,90.98,9.02
LP001760,Male,,,Graduate,No,4758,0.0,158.0,480.0,1.0,Semiurban,Y,Approved,86.53,13.47
LP001761,Male,No,0,Graduate,Yes,6400,0.0,200.0,360.0,1.0,Rural,Y,Approved,64.42,35.58
LP001765,Male,Yes,1,Graduate,No,2491,2054.0,104.0,360.0,1.0,Semiurban,Y,Approved,83.83,16.17
LP001768,Male,Yes,0,Graduate,,3716,0.0,42.0,180.0,1.0,Rural,Y,Approved,81.2,18.8
LP001770,Male,No,0,Not Graduate,No,3189,2598.0,120.0,,1.0,Rural,Y,Approved,54.98,45.02
LP001776,Female,No,0,Graduate,No,8333,0.0,280.0,360.0,1.0,Semiurban,Y,Approved,84.16,15.84
LP001778,Male,Yes,1,Graduate,No,3155,1779.0,140.0,360.0,1.0,Semiurban,Y,Approved,83.81,16.19
LP001784,Male,Yes,1,Graduate,No,5500,1260.0,170.0,360.0,1.0,Rural,Y,Approved,71.97,28.03
LP001786,Male,Yes,0,Graduate,,5746,0.0,255.0,360.0,,Urban,N,Approved,72.25,27.75
LP001788,Female,No,0,Graduate,Yes,3463,0.0,122.0,360.0,,Urban,Y,Approved,65.92,34.08
LP001790,Female,No,1,Graduate,No,3812,0.0,112.0,360.0,1.0,Rural,Y,Approved,68.89,31.11
LP001792,Male,Yes,1,Graduate,No,3315,0.0,96.0,360.0,1.0,Semiurban,Y,Approved,85.22,14.78
LP001798,Male,Yes,2,Graduate,No,5819,5000.0,120.0,360.0,1.0,Rural,Y,Approved,81.23,18.77
LP001800,Male,Yes,1,Not Graduate,No,2510,1983.0,140.0,180.0,1.0,Urban,N,Approved,70.31,29.69
LP001806,Male,No,0,Graduate,No,2965,5701.0,155.0,60.0,1.0,Urban,Y,Approved,71.4,28.6
LP001807,Male,Yes,2,Graduate,Yes,6250,1300.0,108.0,360.0,1.0,Rural,Y,Approved,82.42,17.58
LP001811,Male,Yes,0,Not Graduate,No,3406,4417.0,123.0,360.0,1.0,Semiurban,Y,Approved,79.01,20.99
LP001813,Male,No,0,Graduate,Yes,6050,4333.0,120.0,180.0,1.0,Urban,N,Approved,68.29,31.71
LP001814,Male,Yes,2,Graduate,No,9703,0.0,112.0,360.0,1.0,Urban,Y,Approved,87.21,12.79
LP001819,Male,Yes,1,Not Graduate,No,6608,0.0,137.0,180.0,1.0,Urban,Y,Approved,72.15,27.85
LP001824,Male,Yes,1,Graduate,No,2882,1843.0,123.0,480.0,1.0,Semiurban,Y,Approved,82.37,17.63
LP001825,Male,Yes,0,Graduate,No,1809,1868.0,90.0,360.0,1.0,Urban,Y,Approved,80.25,19.75
LP001835,Male,Yes,0,Not Graduate,No,1668,3890.0,201.0,360.0,0.0,Semiurban,N,Rejected,14.24,85.76
LP001836,Female,No,2,Graduate,No,3427,0.0,138.0,360.0,1.0,Urban,N,Approved,84.44,15.56
LP001841,Male,No,0,Not Graduate,Yes,2583,2167.0,104.0,360.0,1.0,Rural,Y,Approved,52.48,47.52
LP001843,Male,Yes,1,Not Graduate,No,2661,7101.0,279.0,180.0,1.0,Semiurban,Y,Approved,74.07,25.93
LP001844,Male,No,0,Graduate,Yes,16250,0.0,192.0,360.0,0.0,Urban,N,Rejected,8.67,91.33
LP001846,Female,No,3+,Graduate,No,3083,0.0,255.0,360.0,1.0,Rural,Y,Approved,77.11,22.89
LP001849,Male,No,0,Not Graduate,No,6045,0.0,115.0,360.0,0.0,Rural,N,Rejected,5.65,94.35
LP001854,Male,Yes,3+,Graduate,No,5250,0.0,94.0,360.0,1.0,Urban,N,Approved,84.72,15.28
LP001859,Male,Yes,0,Graduate,No,14683,2100.0,304.0,360.0,1.0,Rural,N,Approved,74.31,25.69
LP001864,Male,Yes,3+,Not Graduate,No,4931,0.0,128.0,360.0,,Semiurban,N,Approved,78.69,21.31
LP001865,Male,Yes,1,Graduate,No,6083,4250.0,330.0,360.0,,Urban,Y,Approved,61.46,38.54
LP001868,Male,No,0,Graduate,No,2060,2209.0,134.0,360.0,1.0,Semiurban,Y,Approved,79.28,20.72
LP001870,Female,No,1,Graduate,No,3481,0.0,155.0,36.0,1.0,Semiurban,N,Approved,85.54,14.46
LP001871,Female,No,0,Graduate,No,7200,0.0,120.0,360.0,1.0,Rural,Y,Approved,73.56,26.44
LP001872,Male,No,0,Graduate,Yes,5166,0.0,128.0,360.0,1.0,Semiurban,Y,Approved,79.15,20.85
LP001875,Male,No,0,Graduate,No,4095,3447.0,151.0,360.0,1.0,Rural,Y,Approved,63.55,36.45
LP001877,Male,Yes,2,Graduate,No,4708,1387.0,150.0,360.0,1.0,Semiurban,Y,Approved,91.32,8.68
LP001882,Male,Yes,3+,Graduate,No,4333,1811.0,160.0,360.0,0.0,Urban,Y,Rejected,17.84,82.16
LP001883,Female,No,0,Graduate,,3418,0.0,135.0,360.0,1.0,Rural,N,Approved,73.7,26.3
LP001884,Female,No,1,Graduate,No,2876,1560.0,90.0,360.0,1.0,Urban,Y,Approved,71.75,28.25
LP001888,Female,No,0,Graduate,No,3237,0.0,30.0,360.0,1.0,Urban,Y,Approved,78.18,21.82
LP001891,Male,Yes,0,Graduate,No,11146,0.0,136.0,360.0,1.0,Urban,Y,Approved,81.01,18.99
LP001892,Male,No,0,Graduate,No,2833,1857.0,126.0,360.0,1.0,Rural,Y,Approved,65.73,34.27
LP001894,Male,Yes,0,Graduate,No,2620,2223.0,150.0,360.0,1.0,Semiurban,Y,Approved,86.55,13.45
LP001896,Male,Yes,2,Graduate,No,3900,0.0,90.0,360.0,1.0,Semiurban,Y,Approved,92.06,7.94
LP001900,Male,Yes,1,Graduate,No,2750,1842.0,115.0,360.0,1.0,Semiurban,Y,Approved,83.91,16.09
LP001903,Male,Yes,0,Graduate,No,3993,3274.0,207.0,360.0,1.0,Semiurban,Y,Approved,85.6,14.4
LP001904,Male,Yes,0,Graduate,No,3103,1300.0,80.0,360.0,1.0,Urban,Y,Approved,80.7,19.3
LP001907,Male,Yes,0,Graduate,No,14583,0.0,436.0,360.0,1.0,Semiurban,Y,Approved,86.2,13.8
LP001908,Female,Yes,0,Not Graduate,No,4100,0.0,124.0,360.0,,Rural,Y,Approved,65.98,34.02
LP001910,Male,No,1,Not Graduate,Yes,4053,2426.0,158.0,360.0,0.0,Urban,N,Rejected,4.31,95.69
LP001914,Male,Yes,0,Graduate,No,3927,800.0,112.0,360.0,1.0,Semiurban,Y,Approved,87.49,12.51
LP001915,Male,Yes,2,Graduate,No,2301,985.7999878,78.0,180.0,1.0,Urban,Y,Approved,88.75,11.25
LP001917,Female,No,0,Graduate,No,1811,1666.0,54.0,360.0,1.0,Urban,Y,Approved,76.6,23.4
LP001922,Male,Yes,0,Graduate,No,20667,0.0,,360.0,1.0,Rural,N,Approved,77.0,23.0
LP001924,Male,No,0,Graduate,No,3158,3053.0,89.0,360.0,1.0,Rural,Y,Approved,64.61,35.39
LP001925,Female,No,0,Graduate,Yes,2600,1717.0,99.0,300.0,1.0,Semiurban,N,Approved,83.29,16.71
LP001926,Male,Yes,0,Graduate,No,3704,2000.0,120.0,360.0,1.0,Rural,Y,Approved,76.34,23.66
LP001931,Female,No,0,Graduate,No,4124,0.0,115.0,360.0,1.0,Semiurban,Y,Approved,85.13,14.87
LP001935,Male,No,0,Graduate,No,9508,0.0,187.0,360.0,1.0,Rural,Y,Approved,66.87,33.13
LP001936,Male,Yes,0,Graduate,No,3075,2416.0,139.0,360.0,1.0,Rural,Y,Approved,75.86,24.14
LP001938,Male,Yes,2,Graduate,No,4400,0.0,127.0,360.0,0.0,Semiurban,N,Rejected,33.39,66.61
LP001940,Male,Yes,2,Graduate,No,3153,1560.0,134.0,360.0,1.0,Urban,Y,Approved,86.45,13.55
LP001945,Female,No,,Graduate,No,5417,0.0,143.0,480.0,0.0,Urban,N,Rejected,11.87,88.13
LP001947,Male,Yes,0,Graduate,No,2383,3334.0,172.0,360.0,1.0,Semiurban,Y,Approved,85.78,14.22
LP001949,Male,Yes,3+,Graduate,,4416,1250.0,110.0,360.0,1.0,Urban,Y,Approved,83.82,16.18
LP001953,Male,Yes,1,Graduate,No,6875,0.0,200.0,360.0,1.0,Semiurban,Y,Approved,84.58,15.42
LP001954,Female,Yes,1,Graduate,No,4666,0.0,135.0,360.0,1.0,Urban,Y,Approved,82.03,17.97
LP001955,Female,No,0,Graduate,No,5000,2541.0,151.0,480.0,1.0,Rural,N,Approved,68.6,31.4
LP001963,Male,Yes,1,Graduate,No,2014,2925.0,113.0,360.0,1.0,Urban,N,Approved,74.95,25.05
LP001964,Male,Yes,0,Not Graduate,No,1800,2934.0,93.0,360.0,0.0,Urban,N,Rejected,9.88,90.12
LP001972,Male,Yes,,Not Graduate,No,2875,1750.0,105.0,360.0,1.0,Semiurban,Y,Approved,81.33,18.67
LP001974,Female,No,0,Graduate,No,5000,0.0,132.0,360.0,1.0,Rural,Y,Approved,73.62,26.38
LP001977,Male,Yes,1,Graduate,No,1625,1803.0,96.0,360.0,1.0,Urban,Y,Approved,76.15,23.85
LP001978,Male,No,0,Graduate,No,4000,2500.0,140.0,360.0,1.0,Rural,Y,Approved,64.77,35.23
LP001990,Male,No,0,Not Graduate,No,2000,0.0,,360.0,1.0,Urban,N,Approved,62.66,37.34
LP001993,Female,No,0,Graduate,No,3762,1666.0,135.0,360.0,1.0,Rural,Y,Approved,71.98,28.02
LP001994,Female,No,0,Graduate,No,2400,1863.0,104.0,360.0,0.0,Urban,N,Rejected,12.24,87.76
LP001996,Male,No,0,Graduate,No,20233,0.0,480.0,360.0,1.0,Rural,N,Approved,63.63,36.37
LP001998,Male,Yes,2,Not Graduate,No,7667,0.0,185.0,360.0,,Rural,Y,Approved,68.9,31.1
LP002002,Female,No,0,Graduate,No,2917,0.0,84.0,360.0,1.0,Semiurban,Y,Approved,85.32,14.68
LP002004,Male,No,0,Not Graduate,No,2927,2405.0,111.0,360.0,1.0,Semiurban,Y,Approved,71.24,28.76
LP002006,Female,No,0,Graduate,No,2507,0.0,56.0,360.0,1.0,Rural,Y,Approved,74.31,25.69
LP002008,Male,Yes,2,Graduate,Yes,5746,0.0,144.0,84.0,,Rural,Y,Approved,79.88,20.12
LP002024,,Yes,0,Graduate,No,2473,1843.0,159.0,360.0,1.0,Rural,N,Approved,76.3,23.7
LP002031,Male,Yes,1,Not Graduate,No,3399,1640.0,111.0,180.0,1.0,Urban,Y,Approved,70.84,29.16
LP002035,Male,Yes,2,Graduate,No,3717,0.0,120.0,360.0,1.0,Semiurban,Y,Approved,91.98,8.02
LP002036,Male,Yes,0,Graduate,No,2058,2134.0,88.0,360.0,,Urban,Y,Approved,71.52,28.48
LP002043,Female,No,1,Graduate,No,3541,0.0,112.0,360.0,,Semiurban,Y,Approved,73.85,26.15
LP002050,Male,Yes,1,Graduate,Yes,10000,0.0,155.0,360.0,1.0,Rural,N,Approved,70.77,29.23
LP002051,Male,Yes,0,Graduate,No,2400,2167.0,115.0,360.0,1.0,Semiurban,Y,Approved,86.74,13.26
LP002053,Male,Yes,3+,Graduate,No,4342,189.0,124.0,360.0,1.0,Semiurban,Y,Approved,90.01,9.99
LP002054,Male,Yes,2,Not Graduate,No,3601,1590.0,,360.0,1.0,Rural,Y,Approved,76.99,23.01
LP002055,Female,No,0,Graduate,No,3166,2985.0,132.0,360.0,,Rural,Y,Approved,60.13,39.87
LP002065,Male,Yes,3+,Graduate,No,15000,0.0,300.0,360.0,1.0,Rural,Y,Approved,80.19,19.81
LP002067,Male,Yes,1,Graduate,Yes,8666,4983.0,376.0,360.0,0.0,Rural,N,Rejected,7.08,92.92
LP002068,Male,No,0,Graduate,No,4917,0.0,130.0,360.0,0.0,Rural,Y,Rejected,8.42,91.58
LP002082,Male,Yes,0,Graduate,Yes,5818,2160.0,184.0,360.0,1.0,Semiurban,Y,Approved,84.92,15.08
LP002086,Female,Yes,0,Graduate,No,4333,2451.0,110.0,360.0,1.0,Urban,N,Approved,83.82,16.18
LP002087,Female,No,0,Graduate,No,2500,0.0,67.0,360.0,1.0,Urban,Y,Approved,77.98,22.02
LP002097,Male,No,1,Graduate,No,4384,1793.0,117.0,360.0,1.0,Urban,Y,Approved,64.94,35.06
LP002098,Male,No,0,Graduate,No,2935,0.0,98.0,360.0,1.0,Semiurban,Y,Approved,81.25,18.75
LP002100,Male,No,,Graduate,No,2833,0.0,71.0,360.0,1.0,Urban,Y,Approved,72.58,27.42
LP002101,Male,Yes,0,Graduate,,63337,0.0,490.0,180.0,1.0,Urban,Y,Approved,78.71,21.29
LP002103,,Yes,1,Graduate,Yes,9833,1833.0,182.0,180.0,1.0,Urban,Y,Approved,75.89,24.11
LP002106,Male,Yes,,Graduate,Yes,5503,4490.0,70.0,,1.0,Semiurban,Y,Approved,84.12,15.88
LP002110,Male,Yes,1,Graduate,,5250,688.0,160.0,360.0,1.0,Rural,Y,Approved,72.65,27.35
LP002112,Male,Yes,2,Graduate,Yes,2500,4600.0,176.0,360.0,1.0,Rural,Y,Approved,79.61,20.39
LP002113,Female,No,3+,Not Graduate,No,1830,0.0,,360.0,0.0,Urban,N,Rejected,11.0,89.0
LP002114,Female,No,0,Graduate,No,4160,0.0,71.0,360.0,1.0,Semiurban,Y,Approved,85.33,14.67
LP002115,Male,Yes,3+,Not Graduate,No,2647,1587.0,173.0,360.0,1.0,Rural,N,Approved,72.58,27.42
LP002116,Female,No,0,Graduate,No,2378,0.0,46.0,360.0,1.0,Rural,N,Approved,74.39,25.61
LP002119,Male,Yes,1,Not Graduate,No,4554,1229.0,158.0,360.0,1.0,Urban,Y,Approved,67.43,32.57
LP002126,Male,Yes,3+,Not Graduate,No,3173,0.0,74.0,360.0,1.0,Semiurban,Y,Approved,85.81,14.19
LP002128,Male,Yes,2,Graduate,,2583,2330.0,125.0,360.0,1.0,Rural,Y,Approved,83.37,16.63
LP002129,Male,Yes,0,Graduate,No,2499,2458.0,160.0,360.0,1.0,Semiurban,Y,Approved,86.37,13.63
LP002130,Male,Yes,,Not Graduate,No,3523,3230.0,152.0,360.0,0.0,Rural,N,Rejected,7.88,92.12
LP002131,Male,Yes,2,Not Graduate,No,3083,2168.0,126.0,360.0,1.0,Urban,Y,Approved,80.12,19.88
LP002137,Male,Yes,0,Graduate,No,6333,4583.0,259.0,360.0,,Semiurban,Y,Approved,77.21,22.79
LP002138,Male,Yes,0,Graduate,No,2625,6250.0,187.0,360.0,1.0,Rural,Y,Approved,71.73,28.27
LP002139,Male,Yes,0,Graduate,No,9083,0.0,228.0,360.0,1.0,Semiurban,Y,Approved,87.29,12.71
LP002140,Male,No,0,Graduate,No,8750,4167.0,308.0,360.0,1.0,Rural,N,Approved,60.95,39.05
LP002141,Male,Yes,3+,Graduate,No,2666,2083.0,95.0,360.0,1.0,Rural,Y,Approved,80.33,19.67
LP002142,Female,Yes,0,Graduate,Yes,5500,0.0,105.0,360.0,0.0,Rural,N,Rejected,15.75,84.25
LP002143,Female,Yes,0,Graduate,No,2423,505.0,130.0,360.0,1.0,Semiurban,Y,Approved,90.44,9.56
LP002144,Female,No,,Graduate,No,3813,0.0,116.0,180.0,1.0,Urban,Y,Approved,80.26,19.74
LP002149,Male,Yes,2,Graduate,No,8333,3167.0,165.0,360.0,1.0,Rural,Y,Approved,82.27,17.73
LP002151,Male,Yes,1,Graduate,No,3875,0.0,67.0,360.0,1.0,Urban,N,Approved,77.86,22.14
LP002158,Male,Yes,0,Not Graduate,No,3000,1666.0,100.0,480.0,0.0,Urban,N,Rejected,9.47,90.53
LP002160,Male,Yes,3+,Graduate,No,5167,3167.0,200.0,360.0,1.0,Semiurban,Y,Approved,88.23,11.77
LP002161,Female,No,1,Graduate,No,4723,0.0,81.0,360.0,1.0,Semiurban,N,Approved,81.95,18.05
LP002170,Male,Yes,2,Graduate,No,5000,3667.0,236.0,360.0,1.0,Semiurban,Y,Approved,90.06,9.94
LP002175,Male,Yes,0,Graduate,No,4750,2333.0,130.0,360.0,1.0,Urban,Y,Approved,79.47,20.53
LP002178,Male,Yes,0,Graduate,No,3013,3033.0,95.0,300.0,,Urban,Y,Approved,71.54,28.46
LP002180,Male,No,0,Graduate,Yes,6822,0.0,141.0,360.0,1.0,Rural,Y,Approved,64.89,35.11
LP002181,Male,No,0,Not Graduate,No,6216,0.0,133.0,360.0,1.0,Rural,N,Approved,57.51,42.49
LP002187,Male,No,0,Graduate,No,2500,0.0,96.0,480.0,1.0,Semiurban,N,Approved,79.61,20.39
LP002188,Male,No,0,Graduate,No,5124,0.0,124.0,,0.0,Rural,N,Rejected,8.56,91.44
LP002190,Male,Yes,1,Graduate,No,6325,0.0,175.0,360.0,1.0,Semiurban,Y,Approved,84.72,15.28
LP002191,Male,Yes,0,Graduate,No,19730,5266.0,570.0,360.0,1.0,Rural,N,Approved,68.66,31.34
LP002194,Female,No,0,Graduate,Yes,15759,0.0,55.0,360.0,1.0,Semiurban,Y,Approved,83.4,16.6
LP002197,Male,Yes,2,Graduate,No,5185,0.0,155.0,360.0,1.0,Semiurban,Y,Approved,91.85,8.15
LP002201,Male,Yes,2,Graduate,Yes,9323,7873.0,380.0,300.0,1.0,Rural,Y,Approved,75.93,24.07
LP002205,Male,No,1,Graduate,No,3062,1987.0,111.0,180.0,0.0,Urban,N,Rejected,8.69,91.31
LP002209,Female,No,0,Graduate,,2764,1459.0,110.0,360.0,1.0,Urban,Y,Approved,76.36,23.64
LP002211,Male,Yes,0,Graduate,No,4817,923.0,120.0,180.0,1.0,Urban,Y,Approved,83.06,16.94
LP002219,Male,Yes,3+,Graduate,No,8750,4996.0,130.0,360.0,1.0,Rural,Y,Approved,77.27,22.73
LP002223,Male,Yes,0,Graduate,No,4310,0.0,130.0,360.0,,Semiurban,Y,Approved,81.92,18.08
LP002224,Male,No,0,Graduate,No,3069,0.0,71.0,480.0,1.0,Urban,N,Approved,70.39,29.61
LP002225,Male,Yes,2,Graduate,No,5391,0.0,130.0,360.0,1.0,Urban,Y,Approved,87.3,12.7
LP002226,Male,Yes,0,Graduate,,3333,2500.0,128.0,360.0,1.0,Semiurban,Y,Approved,86.45,13.55
LP002229,Male,No,0,Graduate,No,5941,4232.0,296.0,360.0,1.0,Semiurban,Y,Approved,76.23,23.77
LP002231,Female,No,0,Graduate,No,6000,0.0,156.0,360.0,1.0,Urban,Y,Approved,77.21,22.79
LP002234,Male,No,0,Graduate,Yes,7167,0.0,128.0,360.0,1.0,Urban,Y,Approved,69.51,30.49
LP002236,Male,Yes,2,Graduate,No,4566,0.0,100.0,360.0,1.0,Urban,N,Approved,87.45,12.55
LP002237,Male,No,1,Graduate,,3667,0.0,113.0,180.0,1.0,Urban,Y,Approved,70.53,29.47
LP002239,Male,No,0,Not Graduate,No,2346,1600.0,132.0,360.0,1.0,Semiurban,Y,Approved,71.96,28.04
LP002243,Male,Yes,0,Not Graduate,No,3010,3136.0,,360.0,0.0,Urban,N,Rejected,9.58,90.42
LP002244,Male,Yes,0,Graduate,No,2333,2417.0,136.0,360.0,1.0,Urban,Y,Approved,79.49,20.51
LP002250,Male,Yes,0,Graduate,No,5488,0.0,125.0,360.0,1.0,Rural,Y,Approved,78.02,21.98
LP002255,Male,No,3+,Graduate,No,9167,0.0,185.0,360.0,1.0,Rural,Y,Approved,71.74,28.26
LP002262,Male,Yes,3+,Graduate,No,9504,0.0,275.0,360.0,1.0,Rural,Y,Approved,80.63,19.37
LP002263,Male,Yes,0,Graduate,No,2583,2115.0,120.0,360.0,,Urban,Y,Approved,71.26,28.74
LP002265,Male,Yes,2,Not Graduate,No,1993,1625.0,113.0,180.0,1.0,Semiurban,Y,Approved,89.03,10.97
LP002266,Male,Yes,2,Graduate,No,3100,1400.0,113.0,360.0,1.0,Urban,Y,Approved,86.63,13.37
LP002272,Male,Yes,2,Graduate,No,3276,484.0,135.0,360.0,,Semiurban,Y,Approved,87.47,12.53
LP002277,Female,No,0,Graduate,No,3180,0.0,71.0,360.0,0.0,Urban,N,Rejected,13.42,86.58
LP002281,Male,Yes,0,Graduate,No,3033,1459.0,95.0,360.0,1.0,Urban,Y,Approved,80.49,19.51
LP002284,Male,No,0,Not Graduate,No,3902,1666.0,109.0,360.0,1.0,Rural,Y,Approved,55.8,44.2
LP002287,Female,No,0,Graduate,No,1500,1800.0,103.0,360.0,0.0,Semiurban,N,Rejected,18.84,81.16
LP002288,Male,Yes,2,Not Graduate,No,2889,0.0,45.0,180.0,0.0,Urban,N,Rejected,19.33,80.67
LP002296,Male,No,0,Not Graduate,No,2755,0.0,65.0,300.0,1.0,Rural,N,Approved,59.68,40.32
LP002297,Male,No,0,Graduate,No,2500,20000.0,103.0,360.0,1.0,Semiurban,Y,Approved,60.68,39.32
LP002300,Female,No,0,Not Graduate,No,1963,0.0,53.0,360.0,1.0,Semiurban,Y,Approved,79.32,20.68
LP002301,Female,No,0,Graduate,Yes,7441,0.0,194.0,360.0,1.0,Rural,N,Approved,70.71,29.29
LP002305,Female,No,0,Graduate,No,4547,0.0,115.0,360.0,1.0,Semiurban,Y,Approved,85.11,14.89
LP002308,Male,Yes,0,Not Graduate,No,2167,2400.0,115.0,360.0,1.0,Urban,Y,Approved,71.78,28.22
LP002314,Female,No,0,Not Graduate,No,2213,0.0,66.0,360.0,1.0,Rural,Y,Approved,65.23,34.77
LP002315,Male,Yes,1,Graduate,No,8300,0.0,152.0,300.0,0.0,Semiurban,N,Rejected,20.47,79.53
LP002317,Male,Yes,3+,Graduate,No,81000,0.0,360.0,360.0,0.0,Rural,N,Rejected,12.27,87.73
LP002318,Female,No,1,Not Graduate,Yes,3867,0.0,62.0,360.0,1.0,Semiurban,N,Approved,72.67,27.33
LP002319,Male,Yes,0,Graduate,,6256,0.0,160.0,360.0,,Urban,Y,Approved,72.92,27.08
LP002328,Male,Yes,0,Not Graduate,No,6096,0.0,218.0,360.0,0.0,Rural,N,Rejected,8.9,91.1
LP002332,Male,Yes,0,Not Graduate,No,2253,2033.0,110.0,360.0,1.0,Rural,Y,Approved,67.86,32.14
LP002335,Female,Yes,0,Not Graduate,No,2149,3237.0,178.0,360.0,0.0,Semiurban,N,Rejected,18.75,81.25
LP002337,Female,No,0,Graduate,No,2995,0.0,60.0,360.0,1.0,Urban,Y,Approved,78.0,22.0
LP002341,Female,No,1,Graduate,No,2600,0.0,160.0,360.0,1.0,Urban,N,Approved,72.86,27.14
LP002342,Male,Yes,2,Graduate,Yes,1600,20000.0,239.0,360.0,1.0,Urban,N,Approved,68.0,32.0
LP002345,Male,Yes,0,Graduate,No,1025,2773.0,112.0,360.0,1.0,Rural,Y,Approved,75.83,24.17
LP002347,Male,Yes,0,Graduate,No,3246,1417.0,138.0,360.0,1.0,Semiurban,Y,Approved,87.06,12.94
LP002348,Male,Yes,0,Graduate,No,5829,0.0,138.0,360.0,1.0,Rural,Y,Approved,77.92,22.08
LP002357,Female,No,0,Not Graduate,No,2720,0.0,80.0,,0.0,Urban,N,Rejected,9.28,90.72
LP002361,Male,Yes,0,Graduate,No,1820,1719.0,100.0,360.0,1.0,Urban,Y,Approved,80.31,19.69
LP002362,Male,Yes,1,Graduate,No,7250,1667.0,110.0,,0.0,Urban,N,Rejected,12.3,87.7
LP002364,Male,Yes,0,Graduate,No,14880,0.0,96.0,360.0,1.0,Semiurban,Y,Approved,87.61,12.39
LP002366,Male,Yes,0,Graduate,No,2666,4300.0,121.0,360.0,1.0,Rural,Y,Approved,74.19,25.81
LP002367,Female,No,1,Not Graduate,No,4606,0.0,81.0,360.0,1.0,Rural,N,Approved,59.22,40.78
LP002368,Male,Yes,2,Graduate,No,5935,0.0,133.0,360.0,1.0,Semiurban,Y,Approved,91.89,8.11
LP002369,Male,Yes,0,Graduate,No,2920,16.12000084,87.0,360.0,1.0,Rural,Y,Approved,78.39,21.61
LP002370,Male,No,0,Not Graduate,No,2717,0.0,60.0,180.0,1.0,Urban,Y,Approved,66.98,33.02
LP002377,Female,No,1,Graduate,Yes,8624,0.0,150.0,360.0,1.0,Semiurban,Y,Approved,79.59,20.41
LP002379,Male,No,0,Graduate,No,6500,0.0,105.0,360.0,0.0,Rural,N,Rejected,8.45,91.55
LP002386,Male,No,0,Graduate,,12876,0.0,405.0,360.0,1.0,Semiurban,Y,Approved,78.93,21.07
LP002387,Male,Yes,0,Graduate,No,2425,2340.0,143.0,360.0,1.0,Semiurban,Y,Approved,86.52,13.48
LP002390,Male,No,0,Graduate,No,3750,0.0,100.0,360.0,1.0,Urban,Y,Approved,72.31,27.69
LP002393,Female,,,Graduate,No,10047,0.0,,240.0,1.0,Semiurban,Y,Approved,91.28,8.72
LP002398,Male,No,0,Graduate,No,1926,1851.0,50.0,360.0,1.0,Semiurban,Y,Approved,80.09,19.91
LP002401,Male,Yes,0,Graduate,No,2213,1125.0,,360.0,1.0,Urban,Y,Approved,80.5,19.5
LP002403,Male,No,0,Graduate,Yes,10416,0.0,187.0,360.0,0.0,Urban,N,Rejected,8.84,91.16
LP002407,Female,Yes,0,Not Graduate,Yes,7142,0.0,138.0,360.0,1.0,Rural,Y,Approved,73.12,26.88
LP002408,Male,No,0,Graduate,No,3660,5064.0,187.0,360.0,1.0,Semiurban,Y,Approved,76.31,23.69
LP002409,Male,Yes,0,Graduate,No,7901,1833.0,180.0,360.0,1.0,Rural,Y,Approved,75.84,24.16
LP002418,Male,No,3+,Not Graduate,No,4707,1993.0,148.0,360.0,1.0,Semiurban,Y,Approved,75.7,24.3
LP002422,Male,No,1,Graduate,No,37719,0.0,152.0,360.0,1.0,Semiurban,Y,Approved,74.82,25.18
LP002424,Male,Yes,0,Graduate,No,7333,8333.0,175.0,300.0,,Rural,Y,Approved,59.83,40.17
LP002429,Male,Yes,1,Graduate,Yes,3466,1210.0,130.0,360.0,1.0,Rural,Y,Approved,70.11,29.89
LP002434,Male,Yes,2,Not Graduate,No,4652,0.0,110.0,360.0,1.0,Rural,Y,Approved,78.59,21.41
LP002435,Male,Yes,0,Graduate,,3539,1376.0,55.0,360.0,1.0,Rural,N,Approved,77.35,22.65
LP002443,Male,Yes,2,Graduate,No,3340,1710.0,150.0,360.0,0.0,Rural,N,Rejected,18.35,81.65
LP002444,Male,No,1,Not Graduate,Yes,2769,1542.0,190.0,360.0,,Semiurban,N,Approved,52.47,47.53
LP002446,Male,Yes,2,Not Graduate,No,2309,1255.0,125.0,360.0,0.0,Rural,N,Rejected,13.15,86.85
LP002447,Male,Yes,2,Not Graduate,No,1958,1456.0,60.0,300.0,,Urban,Y,Approved,73.98,26.02
LP002448,Male,Yes,0,Graduate,No,3948,1733.0,149.0,360.0,0.0,Rural,N,Rejected,12.44,87.56
LP002449,Male,Yes,0,Graduate,No,2483,2466.0,90.0,180.0,0.0,Rural,Y,Rejected,14.15,85.85
LP002453,Male,No,0,Graduate,Yes,7085,0.0,84.0,360.0,1.0,Semiurban,Y,Approved,79.31,20.69
LP002455,Male,Yes,2,Graduate,No,3859,0.0,96.0,360.0,1.0,Semiurban,Y,Approved,92.04,7.96
LP002459,Male,Yes,0,Graduate,No,4301,0.0,118.0,360.0,1.0,Urban,Y,Approved,81.45,18.55
LP002467,Male,Yes,0,Graduate,No,3708,2569.0,173.0,360.0,1.0,Urban,N,Approved,79.07,20.93
LP002472,Male,No,2,Graduate,No,4354,0.0,136.0,360.0,1.0,Rural,Y,Approved,76.74,23.26
LP002473,Male,Yes,0,Graduate,No,8334,0.0,160.0,360.0,1.0,Semiurban,N,Approved,87.59,12.41
LP002478,,Yes,0,Graduate,Yes,2083,4083.0,160.0,360.0,,Semiurban,Y,Approved,76.54,23.46
LP002484,Male,Yes,3+,Graduate,No,7740,0.0,128.0,180.0,1.0,Urban,Y,Approved,86.44,13.56
LP002487,Male,Yes,0,Graduate,No,3015,2188.0,153.0,360.0,1.0,Rural,Y,Approved,75.98,24.02
LP002489,Female,No,1,Not Graduate,,5191,0.0,132.0,360.0,1.0,Semiurban,Y,Approved,74.31,25.69
LP002493,Male,No,0,Graduate,No,4166,0.0,98.0,360.0,0.0,Semiurban,N,Rejected,15.94,84.06
LP002494,Male,No,0,Graduate,No,6000,0.0,140.0,360.0,1.0,Rural,Y,Approved,67.51,32.49
LP002500,Male,Yes,3+,Not Graduate,No,2947,1664.0,70.0,180.0,0.0,Urban,N,Rejected,14.77,85.23
LP002501,,Yes,0,Graduate,No,16692,0.0,110.0,360.0,1.0,Semiurban,Y,Approved,87.49,12.51
LP002502,Female,Yes,2,Not Graduate,,210,2917.0,98.0,360.0,1.0,Semiurban,Y,Approved,89.72,10.28
LP002505,Male,Yes,0,Graduate,No,4333,2451.0,110.0,360.0,1.0,Urban,N,Approved,79.51,20.49
LP002515,Male,Yes,1,Graduate,Yes,3450,2079.0,162.0,360.0,1.0,Semiurban,Y,Approved,81.84,18.16
LP002517,Male,Yes,1,Not Graduate,No,2653,1500.0,113.0,180.0,0.0,Rural,N,Rejected,8.05,91.95
LP002519,Male,Yes,3+,Graduate,No,4691,0.0,100.0,360.0,1.0,Semiurban,Y,Approved,90.16,9.84
LP002522,Female,No,0,Graduate,Yes,2500,0.0,93.0,360.0,,Urban,Y,Approved,66.23,33.77
LP002524,Male,No,2,Graduate,No,5532,4648.0,162.0,360.0,1.0,Rural,Y,Approved,71.92,28.08
LP002527,Male,Yes,2,Graduate,Yes,16525,1014.0,150.0,360.0,1.0,Rural,Y,Approved,81.91,18.09
LP002529,Male,Yes,2,Graduate,No,6700,1750.0,230.0,300.0,1.0,Semiurban,Y,Approved,91.31,8.69
LP002530,,Yes,2,Graduate,No,2873,1872.0,132.0,360.0,0.0,Semiurban,N,Rejected,31.35,68.65
LP002531,Male,Yes,1,Graduate,Yes,16667,2250.0,86.0,360.0,1.0,Semiurban,Y,Approved,81.47,18.53
LP002533,Male,Yes,2,Graduate,No,2947,1603.0,,360.0,1.0,Urban,N,Approved,86.37,13.63
LP002534,Female,No,0,Not Graduate,No,4350,0.0,154.0,360.0,1.0,Rural,Y,Approved,64.33,35.67
LP002536,Male,Yes,3+,Not Graduate,No,3095,0.0,113.0,360.0,1.0,Rural,Y,Approved,74.57,25.43
LP002537,Male,Yes,0,Graduate,No,2083,3150.0,128.0,360.0,1.0,Semiurban,Y,Approved,86.1,13.9
LP002541,Male,Yes,0,Graduate,No,10833,0.0,234.0,360.0,1.0,Semiurban,Y,Approved,87.2,12.8
LP002543,Male,Yes,2,Graduate,No,8333,0.0,246.0,360.0,1.0,Semiurban,Y,Approved,91.52,8.48
LP002544,Male,Yes,1,Not Graduate,No,1958,2436.0,131.0,360.0,1.0,Rural,Y,Approved,61.72,38.28
LP002545,Male,No,2,Graduate,No,3547,0.0,80.0,360.0,0.0,Rural,N,Rejected,12.92,87.08
LP002547,Male,Yes,1,Graduate,No,18333,0.0,500.0,360.0,1.0,Urban,N,Approved,74.08,25.92
LP002555,Male,Yes,2,Graduate,Yes,4583,2083.0,160.0,360.0,1.0,Semiurban,Y,Approved,90.03,9.97
LP002556,Male,No,0,Graduate,No,2435,0.0,75.0,360.0,1.0,Urban,N,Approved,72.58,27.42
LP002560,Male,No,0,Not Graduate,No,2699,2785.0,96.0,360.0,,Semiurban,Y,Approved,60.5,39.5
LP002562,Male,Yes,1,Not Graduate,No,5333,1131.0,186.0,360.0,,Urban,Y,Approved,56.28,43.72
LP002571,Male,No,0,Not Graduate,No,3691,0.0,110.0,360.0,1.0,Rural,Y,Approved,57.92,42.08
LP002582,Female,No,0,Not Graduate,Yes,17263,0.0,225.0,360.0,1.0,Semiurban,Y,Approved,75.33,24.67
LP002585,Male,Yes,0,Graduate,No,3597,2157.0,119.0,360.0,0.0,Rural,N,Rejected,12.33,87.67
LP002586,Female,Yes,1,Graduate,No,3326,913.0,105.0,84.0,1.0,Semiurban,Y,Approved,90.34,9.66
LP002587,Male,Yes,0,Not Graduate,No,2600,1700.0,107.0,360.0,1.0,Rural,Y,Approved,68.24,31.76
LP002588,Male,Yes,0,Graduate,No,4625,2857.0,111.0,12.0,,Urban,Y,Approved,76.42,23.58
LP002600,Male,Yes,1,Graduate,Yes,2895,0.0,95.0,360.0,1.0,Semiurban,Y,Approved,83.75,16.25
LP002602,Male,No,0,Graduate,No,6283,4416.0,209.0,360.0,0.0,Rural,N,Rejected,6.61,93.39
LP002603,Female,No,0,Graduate,No,645,3683.0,113.0,480.0,1.0,Rural,Y,Approved,67.94,32.06
LP002606,Female,No,0,Graduate,No,3159,0.0,100.0,360.0,1.0,Semiurban,Y,Approved,85.24,14.76
LP002615,Male,Yes,2,Graduate,No,4865,5624.0,208.0,360.0,1.0,Semiurban,Y,Approved,89.22,10.78
LP002618,Male,Yes,1,Not Graduate,No,4050,5302.0,138.0,360.0,,Rural,N,Rejected,46.32,53.68
LP002619,Male,Yes,0,Not Graduate,No,3814,1483.0,124.0,300.0,1.0,Semiurban,Y,Approved,82.18,17.82
LP002622,Male,Yes,2,Graduate,No,3510,4416.0,243.0,360.0,1.0,Rural,Y,Approved,81.12,18.88
LP002624,Male,Yes,0,Graduate,No,20833,6667.0,480.0,360.0,,Urban,Y,Approved,61.79,38.21
LP002625,,No,0,Graduate,No,3583,0.0,96.0,360.0,1.0,Urban,N,Approved,72.35,27.65
LP002626,Male,Yes,0,Graduate,Yes,2479,3013.0,188.0,360.0,1.0,Urban,Y,Approved,76.68,23.32
LP002634,Female,No,1,Graduate,No,13262,0.0,40.0,360.0,1.0,Urban,Y,Approved,73.04,26.96
LP002637,Male,No,0,Not Graduate,No,3598,1287.0,100.0,360.0,1.0,Rural,N,Approved,56.39,43.61
LP002640,Male,Yes,1,Graduate,No,6065,2004.0,250.0,360.0,1.0,Semiurban,Y,Approved,82.96,17.04
LP002643,Male,Yes,2,Graduate,No,3283,2035.0,148.0,360.0,1.0,Urban,Y,Approved,86.09,13.91
LP002648,Male,Yes,0,Graduate,No,2130,6666.0,70.0,180.0,1.0,Semiurban,N,Approved,86.1,13.9
LP002652,Male,No,0,Graduate,No,5815,3666.0,311.0,360.0,1.0,Rural,N,Approved,61.77,38.23
LP002659,Male,Yes,3+,Graduate,No,3466,3428.0,150.0,360.0,1.0,Rural,Y,Approved,78.83,21.17
LP002670,Female,Yes,2,Graduate,No,2031,1632.0,113.0,480.0,1.0,Semiurban,Y,Approved,92.73,7.27
LP002682,Male,Yes,,Not Graduate,No,3074,1800.0,123.0,360.0,0.0,Semiurban,N,Rejected,15.93,84.07
LP002683,Male,No,0,Graduate,No,4683,1915.0,185.0,360.0,1.0,Semiurban,N,Approved,79.08,20.92
LP002684,Female,No,0,Not Graduate,No,3400,0.0,95.0,360.0,1.0,Rural,N,Approved,64.9,35.1
LP002689,Male,Yes,2,Not Graduate,No,2192,1742.0,45.0,360.0,1.0,Semiurban,Y,Approved,87.57,12.43
LP002690,Male,No,0,Graduate,No,2500,0.0,55.0,360.0,1.0,Semiurban,Y,Approved,81.51,18.49
LP002692,Male,Yes,3+,Graduate,Yes,5677,1424.0,100.0,360.0,1.0,Rural,Y,Approved,78.84,21.16
LP002693,Male,Yes,2,Graduate,Yes,7948,7166.0,480.0,360.0,1.0,Rural,Y,Approved,75.03,24.97
LP002697,Male,No,0,Graduate,No,4680,2087.0,,360.0,1.0,Semiurban,N,Approved,79.16,20.84
LP002699,Male,Yes,2,Graduate,Yes,17500,0.0,400.0,360.0,1.0,Rural,Y,Approved,81.27,18.73
LP002705,Male,Yes,0,Graduate,No,3775,0.0,110.0,360.0,1.0,Semiurban,Y,Approved,87.95,12.05
LP002706,Male,Yes,1,Not Graduate,No,5285,1430.0,161.0,360.0,0.0,Semiurban,Y,Rejected,12.92,87.08
LP002714,Male,No,1,Not Graduate,No,2679,1302.0,94.0,360.0,1.0,Semiurban,Y,Approved,67.45,32.55
LP002716,Male,No,0,Not Graduate,No,6783,0.0,130.0,360.0,1.0,Semiurban,Y,Approved,73.33,26.67
LP002717,Male,Yes,0,Graduate,No,1025,5500.0,216.0,360.0,,Rural,Y,Approved,62.17,37.83
LP002720,Male,Yes,3+,Graduate,No,4281,0.0,100.0,360.0,1.0,Urban,Y,Approved,84.73,15.27
LP002723,Male,No,2,Graduate,No,3588,0.0,110.0,360.0,0.0,Rural,N,Rejected,12.79,87.21
LP002729,Male,No,1,Graduate,No,11250,0.0,196.0,360.0,,Semiurban,N,Approved,66.66,33.34
LP002731,Female,No,0,Not Graduate,Yes,18165,0.0,125.0,360.0,1.0,Urban,Y,Approved,65.63,34.37
LP002732,Male,No,0,Not Graduate,,2550,2042.0,126.0,360.0,1.0,Rural,Y,Approved,55.28,44.72
LP002734,Male,Yes,0,Graduate,No,6133,3906.0,324.0,360.0,1.0,Urban,Y,Approved,76.79,23.21
LP002738,Male,No,2,Graduate,No,3617,0.0,107.0,360.0,1.0,Semiurban,Y,Approved,87.18,12.82
LP002739,Male,Yes,0,Not Graduate,No,2917,536.0,66.0,360.0,1.0,Rural,N,Approved,69.82,30.18
LP002740,Male,Yes,3+,Graduate,No,6417,0.0,157.0,180.0,1.0,Rural,Y,Approved,83.75,16.25
LP002741,Female,Yes,1,Graduate,No,4608,2845.0,140.0,180.0,1.0,Semiurban,Y,Approved,88.42,11.58
LP002743,Female,No,0,Graduate,No,2138,0.0,99.0,360.0,0.0,Semiurban,N,Rejected,20.29,79.71
LP002753,Female,No,1,Graduate,,3652,0.0,95.0,360.0,1.0,Semiurban,Y,Approved,81.93,18.07
LP002755,Male,Yes,1,Not Graduate,No,2239,2524.0,128.0,360.0,1.0,Urban,Y,Approved,66.36,33.64
LP002757,Female,Yes,0,Not Graduate,No,3017,663.0,102.0,360.0,,Semiurban,Y,Approved,79.4,20.6
LP002767,Male,Yes,0,Graduate,No,2768,1950.0,155.0,360.0,1.0,Rural,Y,Approved,76.21,23.79
LP002768,Male,No,0,Not Graduate,No,3358,0.0,80.0,36.0,1.0,Semiurban,N,Approved,79.07,20.93
LP002772,Male,No,0,Graduate,No,2526,1783.0,145.0,360.0,1.0,Rural,Y,Approved,65.68,34.32
LP002776,Female,No,0,Graduate,No,5000,0.0,103.0,360.0,0.0,Semiurban,N,Rejected,20.12,79.88
LP002777,Male,Yes,0,Graduate,No,2785,2016.0,110.0,360.0,1.0,Rural,Y,Approved,76.45,23.55
LP002778,Male,Yes,2,Graduate,Yes,6633,0.0,,360.0,0.0,Rural,N,Rejected,17.82,82.18
LP002784,Male,Yes,1,Not Graduate,No,2492,2375.0,,360.0,1.0,Rural,Y,Approved,61.61,38.39
LP002785,Male,Yes,1,Graduate,No,3333,3250.0,158.0,360.0,1.0,Urban,Y,Approved,74.23,25.77
LP002788,Male,Yes,0,Not Graduate,No,2454,2333.0,181.0,360.0,0.0,Urban,N,Rejected,9.85,90.15
LP002789,Male,Yes,0,Graduate,No,3593,4266.0,132.0,180.0,0.0,Rural,N,Rejected,12.84,87.16
LP002792,Male,Yes,1,Graduate,No,5468,1032.0,26.0,360.0,1.0,Semiurban,Y,Approved,84.78,15.22
LP002794,Female,No,0,Graduate,No,2667,1625.0,84.0,360.0,,Urban,Y,Approved,66.97,33.03
LP002795,Male,Yes,3+,Graduate,Yes,10139,0.0,260.0,360.0,1.0,Semiurban,Y,Approved,88.34,11.66
LP002798,Male,Yes,0,Graduate,No,3887,2669.0,162.0,360.0,1.0,Semiurban,Y,Approved,86.18,13.82
LP002804,Female,Yes,0,Graduate,No,4180,2306.0,182.0,360.0,1.0,Semiurban,Y,Approved,89.37,10.63
LP002807,Male,Yes,2,Not Graduate,No,3675,242.0,108.0,360.0,1.0,Semiurban,Y,Approved,88.09,11.91
LP002813,Female,Yes,1,Graduate,Yes,19484,0.0,600.0,360.0,1.0,Semiurban,Y,Approved,84.39,15.61
LP002820,Male,Yes,0,Graduate,No,5923,2054.0,211.0,360.0,1.0,Rural,Y,Approved,75.54,24.46
LP002821,Male,No,0,Not Graduate,Yes,5800,0.0,132.0,360.0,1.0,Semiurban,Y,Approved,71.09,28.91
LP002832,Male,Yes,2,Graduate,No,8799,0.0,258.0,360.0,0.0,Urban,N,Rejected,22.16,77.84
LP002833,Male,Yes,0,Not Graduate,No,4467,0.0,120.0,360.0,,Rural,Y,Approved,59.24,40.76
LP002836,Male,No,0,Graduate,No,3333,0.0,70.0,360.0,1.0,Urban,Y,Approved,72.56,27.44
LP002837,Male,Yes,3+,Graduate,No,3400,2500.0,123.0,360.0,0.0,Rural,N,Rejected,14.77,85.23
LP002840,Female,No,0,Graduate,No,2378,0.0,9.0,360.0,1.0,Urban,N,Approved,78.36,21.64
LP002841,Male,Yes,0,Graduate,No,3166,2064.0,104.0,360.0,0.0,Urban,N,Rejected,14.89,85.11
LP002842,Male,Yes,1,Graduate,No,3417,1750.0,186.0,360.0,1.0,Urban,Y,Approved,75.49,24.51
LP002847,Male,Yes,,Graduate,No,5116,1451.0,165.0,360.0,0.0,Urban,N,Rejected,14.93,85.07
LP002855,Male,Yes,2,Graduate,No,16666,0.0,275.0,360.0,1.0,Urban,Y,Approved,86.26,13.74
LP002862,Male,Yes,2,Not Graduate,No,6125,1625.0,187.0,480.0,1.0,Semiurban,N,Approved,85.64,14.36
LP002863,Male,Yes,3+,Graduate,No,6406,0.0,150.0,360.0,1.0,Semiurban,N,Approved,89.95,10.05
LP002868,Male,Yes,2,Graduate,No,3159,461.0,108.0,84.0,1.0,Urban,Y,Approved,89.7,10.3
LP002872,,Yes,0,Graduate,No,3087,2210.0,136.0,360.0,0.0,Semiurban,N,Rejected,22.11,77.89
LP002874,Male,No,0,Graduate,No,3229,2739.0,110.0,360.0,1.0,Urban,Y,Approved,69.35,30.65
LP002877,Male,Yes,1,Graduate,No,1782,2232.0,107.0,360.0,1.0,Rural,Y,Approved,71.67,28.33
LP002888,Male,No,0,Graduate,,3182,2917.0,161.0,360.0,1.0,Urban,Y,Approved,68.76,31.24
LP002892,Male,Yes,2,Graduate,No,6540,0.0,205.0,360.0,1.0,Semiurban,Y,Approved,91.68,8.32
LP002893,Male,No,0,Graduate,No,1836,33837.0,90.0,360.0,1.0,Urban,N,Rejected,31.52,68.48
LP002894,Female,Yes,0,Graduate,No,3166,0.0,36.0,360.0,1.0,Semiurban,Y,Approved,90.93,9.07
LP002898,Male,Yes,1,Graduate,No,1880,0.0,61.0,360.0,,Rural,N,Approved,64.39,35.61
LP002911,Male,Yes,1,Graduate,No,2787,1917.0,146.0,360.0,0.0,Rural,N,Rejected,9.99,90.01
LP002912,Male,Yes,1,Graduate,No,4283,3000.0,172.0,84.0,1.0,Rural,N,Approved,75.06,24.94
LP002916,Male,Yes,0,Graduate,No,2297,1522.0,104.0,360.0,1.0,Urban,Y,Approved,80.42,19.58
LP002917,Female,No,0,Not Graduate,No,2165,0.0,70.0,360.0,1.0,Semiurban,Y,Approved,79.2,20.8
LP002925,,No,0,Graduate,No,4750,0.0,94.0,360.0,1.0,Semiurban,Y,Approved,81.18,18.82
LP002926,Male,Yes,2,Graduate,Yes,2726,0.0,106.0,360.0,0.0,Semiurban,N,Rejected,31.19,68.81
LP002928,Male,Yes,0,Graduate,No,3000,3416.0,56.0,180.0,1.0,Semiurban,Y,Approved,88.01,11.99
LP002931,Male,Yes,2,Graduate,Yes,6000,0.0,205.0,240.0,1.0,Semiurban,N,Approved,91.63,8.37
LP002933,,No,3+,Graduate,Yes,9357,0.0,292.0,360.0,1.0,Semiurban,Y,Approved,81.57,18.43
LP002936,Male,Yes,0,Graduate,No,3859,3300.0,142.0,180.0,1.0,Rural,Y,Approved,77.83,22.17
LP002938,Male,Yes,0,Graduate,Yes,16120,0.0,260.0,360.0,1.0,Urban,Y,Approved,78.15,21.85
LP002940,Male,No,0,Not Graduate,No,3833,0.0,110.0,360.0,1.0,Rural,Y,Approved,57.9,42.1
LP002941,Male,Yes,2,Not Graduate,Yes,6383,1000.0,187.0,360.0,1.0,Rural,N,Approved,75.03,24.97
LP002943,Male,No,,Graduate,No,2987,0.0,88.0,360.0,0.0,Semiurban,N,Rejected,16.04,83.96
LP002945,Male,Yes,0,Graduate,Yes,9963,0.0,180.0,360.0,1.0,Rural,Y,Approved,75.36,24.64
LP002948,Male,Yes,2,Graduate,No,5780,0.0,192.0,360.0,1.0,Urban,Y,Approved,87.03,12.97
LP002949,Female,No,3+,Graduate,,416,41667.0,350.0,180.0,,Urban,N,Rejected,25.69,74.31
LP002950,Male,Yes,0,Not Graduate,,2894,2792.0,155.0,360.0,1.0,Rural,Y,Approved,66.59,33.41
LP002953,Male,Yes,3+,Graduate,No,5703,0.0,128.0,360.0,1.0,Urban,Y,Approved,84.54,15.46
LP002958,Male,No,0,Graduate,No,3676,4301.0,172.0,360.0,1.0,Rural,Y,Approved,62.37,37.63
LP002959,Female,Yes,1,Graduate,No,12000,0.0,496.0,360.0,1.0,Semiurban,Y,Approved,86.58,13.42
LP002960,Male,Yes,0,Not Graduate,No,2400,3800.0,,180.0,1.0,Urban,N,Approved,73.27,26.73
LP002961,Male,Yes,1,Graduate,No,3400,2500.0,173.0,360.0,1.0,Semiurban,Y,Approved,83.12,16.88
LP002964,Male,Yes,2,Not Graduate,No,3987,1411.0,157.0,360.0,1.0,Rural,Y,Approved,77.07,22.93
LP002974,Male,Yes,0,Graduate,No,3232,1950.0,108.0,360.0,1.0,Rural,Y,Approved,76.49,23.51
LP002978,Female,No,0,Graduate,No,2900,0.0,71.0,360.0,1.0,Rural,Y,Approved,74.18,25.82
LP002979,Male,Yes,3+,Graduate,No,4106,0.0,40.0,180.0,1.0,Rural,Y,Approved,84.42,15.58
LP002983,Male,Yes,1,Graduate,No,8072,240.0,253.0,360.0,1.0,Urban,Y,Approved,76.18,23.82
LP002984,Male,Yes,2,Graduate,No,7583,0.0,187.0,360.0,1.0,Urban,Y,Approved,86.98,13.02
LP002990,Female,No,0,Graduate,Yes,4583,0.0,133.0,360.0,0.0,Semiurban,N,Rejected,18.2,81.8
